{
  "DIT": [
    0,
    0
  ],
  "Fan-In": [
    2,
    3
  ],
  "Fan-Out": [
    0,
    2
  ],
  "LCOM": [
    0.07407407407407407,
    0.07407407407407407
  ],
  "LOC": [
    246,
    229
  ],
  "Line no": [
    20,
    20
  ],
  "NC": [
    0,
    0
  ],
  "NOF": [
    2,
    4
  ],
  "NOM": [
    27,
    27
  ],
  "NOPF": [
    0,
    0
  ],
  "NOPM": [
    27,
    27
  ],
  "WMC": [
    27,
    27
  ]
}