{
  "DIT": [
    0,
    0
  ],
  "Fan-In": [
    13,
    13
  ],
  "Fan-Out": [
    5,
    5
  ],
  "LCOM": [
    0.2857142857142857,
    0.6197183098591549
  ],
  "LOC": [
    1481,
    1325
  ],
  "Line no": [
    8,
    8
  ],
  "NC": [
    0,
    0
  ],
  "NOF": [
    6,
    1
  ],
  "NOM": [
    77,
    71
  ],
  "NOPF": [
    0,
    0
  ],
  "NOPM": [
    0,
    0
  ],
  "WMC": [
    436,
    386
  ]
}