{
  "DIT": [
    0,
    0
  ],
  "Fan-In": [
    6,
    7
  ],
  "Fan-Out": [
    6,
    7
  ],
  "LCOM": [
    0.18181818181818182,
    0.2727272727272727
  ],
  "LOC": [
    190,
    190
  ],
  "Line no": [
    19,
    19
  ],
  "NC": [
    1,
    1
  ],
  "NOF": [
    3,
    3
  ],
  "NOM": [
    22,
    22
  ],
  "NOPF": [
    0,
    0
  ],
  "NOPM": [
    20,
    20
  ],
  "WMC": [
    22,
    22
  ]
}