{
  "DIT": [
    0,
    0
  ],
  "Fan-In": [
    3,
    3
  ],
  "Fan-Out": [
    2,
    2
  ],
  "LCOM": [
    0.09090909090909091,
    0.16666666666666666
  ],
  "LOC": [
    187,
    114
  ],
  "Line no": [
    24,
    23
  ],
  "NC": [
    0,
    0
  ],
  "NOF": [
    6,
    6
  ],
  "NOM": [
    22,
    12
  ],
  "NOPF": [
    0,
    0
  ],
  "NOPM": [
    21,
    12
  ],
  "WMC": [
    22,
    12
  ]
}