{
  "DIT": [
    1,
    1
  ],
  "Fan-In": [
    60,
    62
  ],
  "Fan-Out": [
    23,
    24
  ],
  "LCOM": [
    0.3416149068322981,
    0.39751552795031053
  ],
  "LOC": [
    1632,
    1556
  ],
  "Line no": [
    44,
    45
  ],
  "NC": [
    3,
    3
  ],
  "NOF": [
    10,
    9
  ],
  "NOM": [
    161,
    161
  ],
  "NOPF": [
    0,
    0
  ],
  "NOPM": [
    134,
    134
  ],
  "WMC": [
    251,
    242
  ]
}