{
  "DIT": [
    0,
    0
  ],
  "Fan-In": [
    1,
    1
  ],
  "Fan-Out": [
    1,
    2
  ],
  "LCOM": [
    0.08333333333333333,
    0.08333333333333333
  ],
  "LOC": [
    117,
    117
  ],
  "Line no": [
    32,
    32
  ],
  "NC": [
    2,
    2
  ],
  "NOF": [
    1,
    1
  ],
  "NOM": [
    24,
    24
  ],
  "NOPF": [
    0,
    0
  ],
  "NOPM": [
    22,
    22
  ],
  "WMC": [
    24,
    24
  ]
}