{
  "DIT": [
    0,
    0
  ],
  "Fan-In": [
    3,
    5
  ],
  "Fan-Out": [
    13,
    14
  ],
  "LCOM": [
    0.9047619047619048,
    0.9714285714285714
  ],
  "LOC": [
    1667,
    1032
  ],
  "Line no": [
    21,
    21
  ],
  "NC": [
    0,
    0
  ],
  "NOF": [
    1,
    1
  ],
  "NOM": [
    42,
    35
  ],
  "NOPF": [
    0,
    0
  ],
  "NOPM": [
    0,
    0
  ],
  "WMC": [
    464,
    319
  ]
}