{
  "DIT": [
    2,
    2
  ],
  "Fan-In": [
    89,
    89
  ],
  "Fan-Out": [
    18,
    18
  ],
  "LCOM": [
    0.41935483870967744,
    0.41935483870967744
  ],
  "LOC": [
    420,
    420
  ],
  "Line no": [
    21,
    21
  ],
  "NC": [
    0,
    0
  ],
  "NOF": [
    13,
    13
  ],
  "NOM": [
    31,
    31
  ],
  "NOPF": [
    0,
    0
  ],
  "NOPM": [
    27,
    27
  ],
  "WMC": [
    44,
    44
  ]
}