{
  "DIT": [
    0,
    0
  ],
  "Fan-In": [
    117,
    117
  ],
  "Fan-Out": [
    31,
    31
  ],
  "LCOM": [
    0.15384615384615385,
    0.15384615384615385
  ],
  "LOC": [
    497,
    497
  ],
  "Line no": [
    57,
    57
  ],
  "NC": [
    0,
    0
  ],
  "NOF": [
    9,
    9
  ],
  "NOM": [
    39,
    39
  ],
  "NOPF": [
    0,
    0
  ],
  "NOPM": [
    30,
    30
  ],
  "WMC": [
    109,
    109
  ]
}