{
  "DIT": [
    1,
    1
  ],
  "Fan-In": [
    62,
    62
  ],
  "Fan-Out": [
    24,
    24
  ],
  "LCOM": [
    0.39751552795031053,
    0.39751552795031053
  ],
  "LOC": [
    1556,
    1556
  ],
  "Line no": [
    45,
    45
  ],
  "NC": [
    3,
    3
  ],
  "NOF": [
    9,
    9
  ],
  "NOM": [
    161,
    161
  ],
  "NOPF": [
    0,
    0
  ],
  "NOPM": [
    134,
    134
  ],
  "WMC": [
    242,
    242
  ]
}