{
  "DIT": [
    0,
    0
  ],
  "Fan-In": [
    1,
    3
  ],
  "Fan-Out": [
    15,
    13
  ],
  "LCOM": [
    0.4888888888888889,
    0.9047619047619048
  ],
  "LOC": [
    1734,
    1667
  ],
  "Line no": [
    21,
    21
  ],
  "NC": [
    0,
    0
  ],
  "NOF": [
    41,
    1
  ],
  "NOM": [
    45,
    42
  ],
  "NOPF": [
    0,
    0
  ],
  "NOPM": [
    0,
    0
  ],
  "WMC": [
    472,
    464
  ]
}