{
  "DIT": [
    0,
    0
  ],
  "Fan-In": [
    13,
    18
  ],
  "Fan-Out": [
    5,
    9
  ],
  "LCOM": [
    0.6197183098591549,
    0.9295774647887324
  ],
  "LOC": [
    1325,
    575
  ],
  "Line no": [
    8,
    8
  ],
  "NC": [
    0,
    0
  ],
  "NOF": [
    1,
    1
  ],
  "NOM": [
    71,
    71
  ],
  "NOPF": [
    0,
    0
  ],
  "NOPM": [
    0,
    0
  ],
  "WMC": [
    386,
    122
  ]
}