{
  "DIT": [
    0,
    0
  ],
  "Fan-In": [
    3,
    3
  ],
  "Fan-Out": [
    3,
    2
  ],
  "LCOM": [
    0.09090909090909091,
    0.09090909090909091
  ],
  "LOC": [
    212,
    187
  ],
  "Line no": [
    29,
    24
  ],
  "NC": [
    0,
    0
  ],
  "NOF": [
    10,
    6
  ],
  "NOM": [
    22,
    22
  ],
  "NOPF": [
    0,
    0
  ],
  "NOPM": [
    21,
    21
  ],
  "WMC": [
    22,
    22
  ]
}